<?xml version="1.0" encoding="UTF-8" ?>
<!DOCTYPE eSearchResult PUBLIC "-//NLM//DTD esearch 20060628//EN" "https://eutils.ncbi.nlm.nih.gov/eutils/dtd/20060628/esearch.dtd">
<eSearchResult><Count>6</Count><RetMax>6</RetMax><RetStart>0</RetStart><IdList>
<Id>19008416</Id>
<Id>18927361</Id>
<Id>18787170</Id>
<Id>18487186</Id>
<Id>18239126</Id>
<Id>18239125</Id>
</IdList><TranslationSet><Translation>     <From>science[journal]</From>     <To>"Science"[Journal] OR "Science (80- )"[Journal] OR "J Zhejiang Univ Sci"[Journal]</To>    </Translation><Translation>     <From>breast cancer</From>     <To>"breast neoplasms"[MeSH Terms] OR ("breast"[All Fields] AND "neoplasms"[All Fields]) OR "breast neoplasms"[All Fields] OR ("breast"[All Fields] AND "cancer"[All Fields]) OR "breast cancer"[All Fields]</To>    </Translation></TranslationSet><TranslationStack>   <TermSet>    <Term>"Science"[Journal]</Term>    <Field>Journal</Field>    <Count>172826</Count>    <Explode>N</Explode>   </TermSet>   <TermSet>    <Term>"Science (80- )"[Journal]</Term>    <Field>Journal</Field>    <Count>10</Count>    <Explode>N</Explode>   </TermSet>   <OP>OR</OP>   <TermSet>    <Term>"J Zhejiang Univ Sci"[Journal]</Term>    <Field>Journal</Field>    <Count>364</Count>    <Explode>N</Explode>   </TermSet>   <OP>OR</OP>   <OP>GROUP</OP>   <TermSet>    <Term>"breast neoplasms"[MeSH Terms]</Term>    <Field>MeSH Terms</Field>    <Count>260975</Count>    <Explode>Y</Explode>   </TermSet>   <TermSet>    <Term>"breast"[All Fields]</Term>    <Field>All Fields</Field>    <Count>446922</Count>    <Explode>N</Explode>   </TermSet>   <TermSet>    <Term>"neoplasms"[All Fields]</Term>    <Field>All Fields</Field>    <Count>2416543</Count>    <Explode>N</Explode>   </TermSet>   <OP>AND</OP>   <OP>GROUP</OP>   <OP>OR</OP>   <TermSet>    <Term>"breast neoplasms"[All Fields]</Term>    <Field>All Fields</Field>    <Count>261239</Count>    <Explode>N</Explode>   </TermSet>   <OP>OR</OP>   <TermSet>    <Term>"breast"[All Fields]</Term>    <Field>All Fields</Field>    <Count>446922</Count>    <Explode>N</Explode>   </TermSet>   <TermSet>    <Term>"cancer"[All Fields]</Term>    <Field>All Fields</Field>    <Count>1936341</Count>    <Explode>N</Explode>   </TermSet>   <OP>AND</OP>   <OP>GROUP</OP>   <OP>OR</OP>   <TermSet>    <Term>"breast cancer"[All Fields]</Term>    <Field>All Fields</Field>    <Count>234070</Count>    <Explode>N</Explode>   </TermSet>   <OP>OR</OP>   <OP>GROUP</OP>   <OP>AND</OP>   <TermSet>    <Term>2008[pdat]</Term>    <Field>pdat</Field>    <Count>835547</Count>    <Explode>N</Explode>   </TermSet>   <OP>AND</OP>  </TranslationStack><QueryTranslation>("Science"[Journal] OR "Science (80- )"[Journal] OR "J Zhejiang Univ Sci"[Journal]) AND ("breast neoplasms"[MeSH Terms] OR ("breast"[All Fields] AND "neoplasms"[All Fields]) OR "breast neoplasms"[All Fields] OR ("breast"[All Fields] AND "cancer"[All Fields]) OR "breast cancer"[All Fields]) AND 2008[pdat]</QueryTranslation></eSearchResult>
